ID_viagem;numero_entregas;tipo_caminhao;produto;Distância;numero_dias;numero_paradas_motorista;Reclamação
TRIP-000001;2;Tanque grande;Produto B;268;1;6;Não
TRIP-000002;1;Tanque médio;Produto D;154;1;4;Sim
TRIP-000003;6;Tanque médio;Produto D;140;1;3;Sim
TRIP-000004;2;Tanque médio;Produto A;140;1;5;Não
TRIP-000005;28;Tanque grande;Produto A;576;2;10;Não
TRIP-000006;2;Tanque grande;Produto A;331;1;6;Não
TRIP-000007;4;Tanque médio;Produto B;109;1;2;Não
TRIP-000008;2;Tanque médio;Produto B;278;1;4;Não
TRIP-000009;1;Tanque médio;Produto D;217;1;3;Sim
TRIP-000010;3;Tanque médio;Produto D;50;1;3;Não
TRIP-000011;2;Tanque pequeno;Produto B;57;1;5;Não
TRIP-000012;3;Tanque médio;Produto B;231;1;5;Não
TRIP-000013;4;Tanque pequeno;Produto C;536;1;6;Não
TRIP-000014;2;Tanque grande;Produto C;141;1;6;Sim
TRIP-000015;2;Tanque médio;Produto A;101;1;5;Não
TRIP-000016;1;Tanque grande;Produto A;194;1;4;Não
TRIP-000017;7;Tanque médio;Produto B;95;1;2;Não
TRIP-000018;1;Tanque médio;Produto A;132;1;3;Não
TRIP-000019;3;Tanque médio;Produto A;173;1;4;Não
TRIP-000020;1;Tanque pequeno;Produto A;53;1;5;Não
TRIP-000021;3;Tanque médio;Produto B;345;1;5;Sim
TRIP-000022;7;Tanque pequeno;Produto A;50;1;3;Não
TRIP-000023;1;Tanque médio;Produto A;209;1;3;Não
TRIP-000024;10;Tanque médio;Produto A;324;1;5;Não
TRIP-000025;2;Tanque grande;Produto C;204;1;6;Sim
TRIP-000026;5;Tanque pequeno;Produto C;157;1;7;Sim
TRIP-000027;3;Tanque pequeno;Produto B;131;1;4;Não
TRIP-000028;6;Tanque médio;Produto B;110;1;4;Não
TRIP-000029;12;Tanque grande;Produto D;408;2;7;Sim
TRIP-000030;4;Tanque médio;Produto A;233;1;7;Não
TRIP-000031;1;Tanque médio;Produto A;120;1;2;Não
TRIP-000032;1;Tanque médio;Produto A;87;1;6;Não
TRIP-000033;8;Tanque pequeno;Produto A;294;1;4;Não
TRIP-000034;3;Tanque grande;Produto A;401;1;4;Não
TRIP-000035;3;Tanque médio;Produto D;373;1;3;Sim
TRIP-000036;5;Tanque médio;Produto B;71;1;7;Não
TRIP-000037;2;Tanque médio;Produto B;130;1;4;Não
TRIP-000038;8;Tanque pequeno;Produto D;108;1;4;Sim
TRIP-000039;4;Tanque grande;Produto A;147;1;5;Não
TRIP-000040;4;Tanque pequeno;Produto A;342;1;4;Não
TRIP-000041;9;Tanque médio;Produto B;500;1;6;Não
TRIP-000042;2;Tanque pequeno;Produto B;240;1;5;Sim
TRIP-000043;1;Tanque médio;Produto A;90;1;3;Sim
TRIP-000044;3;Tanque grande;Produto B;169;1;6;Não
TRIP-000045;22;Tanque médio;Produto B;571;2;9;Não
TRIP-000046;4;Tanque médio;Produto B;189;1;2;Não
TRIP-000047;7;Tanque grande;Produto B;131;1;4;Não
TRIP-000048;2;Tanque pequeno;Produto A;142;1;4;Não
TRIP-000049;2;Tanque médio;Produto A;239;1;3;Não
TRIP-000050;9;Tanque pequeno;Produto B;74;1;3;Não
TRIP-000051;2;Tanque grande;Produto A;106;1;3;Não
TRIP-000052;4;Tanque médio;Produto D;369;1;7;Não
TRIP-000053;2;Tanque médio;Produto B;234;1;4;Não
TRIP-000054;7;Tanque médio;Produto A;191;1;6;Não
TRIP-000055;4;Tanque pequeno;Produto C;384;1;4;Sim
TRIP-000056;4;Tanque pequeno;Produto B;84;1;4;Não
TRIP-000057;5;Tanque médio;Produto A;127;1;3;Não
TRIP-000058;3;Tanque médio;Produto C;227;1;6;Sim
TRIP-000059;2;Tanque pequeno;Produto C;221;1;3;Não
TRIP-000060;6;Tanque pequeno;Produto B;50;1;5;Sim
TRIP-000061;2;Tanque grande;Produto A;115;1;4;Sim
TRIP-000062;5;Tanque grande;Produto B;150;1;3;Não
TRIP-000063;8;Tanque médio;Produto C;249;1;4;Sim
TRIP-000064;4;Tanque médio;Produto A;220;1;7;Sim
TRIP-000065;4;Tanque pequeno;Produto A;163;1;4;Não
TRIP-000066;5;Tanque médio;Produto C;50;1;3;Não
TRIP-000067;5;Tanque grande;Produto A;171;1;2;Sim
TRIP-000068;2;Tanque pequeno;Produto C;185;1;5;Sim
TRIP-000069;50;Tanque pequeno;Produto B;954;3;15;Não
TRIP-000070;2;Tanque grande;Produto B;146;1;5;Sim
TRIP-000071;4;Tanque médio;Produto A;229;1;2;Não
TRIP-000072;3;Tanque pequeno;Produto C;433;1;3;Não
TRIP-000073;6;Tanque médio;Produto A;327;1;7;Não
TRIP-000074;23;Tanque médio;Produto B;515;2;10;Não
TRIP-000075;3;Tanque médio;Produto B;50;1;5;Sim
TRIP-000076;1;Tanque grande;Produto B;59;1;2;Não
TRIP-000077;4;Tanque grande;Produto D;98;1;2;Não
TRIP-000078;3;Tanque médio;Produto B;50;1;5;Não
TRIP-000079;2;Tanque grande;Produto B;186;1;6;Sim
TRIP-000080;1;Tanque médio;Produto D;64;1;2;Não
TRIP-000081;6;Tanque grande;Produto B;565;1;4;Não
TRIP-000082;2;Tanque médio;Produto A;76;1;4;Não
TRIP-000083;1;Tanque grande;Produto A;128;1;3;Sim
TRIP-000084;10;Tanque grande;Produto C;343;1;4;Não
TRIP-000085;4;Tanque pequeno;Produto A;50;1;2;Não
TRIP-000086;8;Tanque grande;Produto B;50;1;3;Não
TRIP-000087;2;Tanque grande;Produto B;207;1;3;Não
TRIP-000088;3;Tanque grande;Produto A;221;1;3;Não
TRIP-000089;8;Tanque pequeno;Produto B;335;1;5;Não
TRIP-000090;3;Tanque grande;Produto A;274;1;5;Não
TRIP-000091;4;Tanque grande;Produto B;228;1;5;Não
TRIP-000092;1;Tanque médio;Produto B;86;1;1;Não
TRIP-000093;3;Tanque grande;Produto B;215;1;4;Sim
TRIP-000094;2;Tanque pequeno;Produto B;227;1;8;Não
TRIP-000095;1;Tanque pequeno;Produto C;83;1;3;Não
TRIP-000096;40;Tanque médio;Produto C;685;2;11;Não
TRIP-000097;2;Tanque médio;Produto A;264;1;6;Não
TRIP-000098;10;Tanque médio;Produto A;60;1;5;Não
TRIP-000099;3;Tanque pequeno;Produto B;336;1;5;Não
TRIP-000100;5;Tanque grande;Produto D;382;1;6;Sim
TRIP-000101;6;Tanque pequeno;Produto C;251;1;6;Sim
TRIP-000102;3;Tanque pequeno;Produto C;138;1;5;Sim
TRIP-000103;1;Tanque pequeno;Produto A;79;1;2;Não
TRIP-000104;4;Tanque médio;Produto B;163;1;2;Não
TRIP-000105;3;Tanque grande;Produto B;236;1;2;Não
TRIP-000106;4;Tanque médio;Produto A;177;1;4;Não
TRIP-000107;26;Tanque grande;Produto A;532;2;10;Sim
TRIP-000108;10;Tanque pequeno;Produto D;297;1;3;Sim
TRIP-000109;3;Tanque médio;Produto A;70;1;5;Não
TRIP-000110;2;Tanque médio;Produto A;53;1;3;Não
TRIP-000111;4;Tanque médio;Produto A;265;1;4;Não
TRIP-000112;1;Tanque pequeno;Produto D;141;1;3;Não
TRIP-000113;7;Tanque médio;Produto B;318;1;2;Não
TRIP-000114;2;Tanque médio;Produto B;263;1;5;Não
TRIP-000115;2;Tanque grande;Produto D;163;1;7;Não
TRIP-000116;5;Tanque médio;Produto A;71;1;4;Não
TRIP-000117;3;Tanque pequeno;Produto B;50;1;1;Não
TRIP-000118;3;Tanque médio;Produto A;212;1;6;Não
TRIP-000119;2;Tanque pequeno;Produto A;50;1;1;Sim
TRIP-000120;5;Tanque grande;Produto C;67;1;2;Não
TRIP-000121;2;Tanque médio;Produto C;201;1;4;Não
TRIP-000122;6;Tanque pequeno;Produto A;185;1;4;Não
TRIP-000123;1;Tanque grande;Produto A;50;1;2;Não
TRIP-000124;6;Tanque médio;Produto B;416;1;5;Sim
TRIP-000125;21;Tanque pequeno;Produto A;407;2;10;Sim
TRIP-000126;2;Tanque médio;Produto A;272;1;6;Não
TRIP-000127;3;Tanque médio;Produto A;272;1;6;Não
TRIP-000128;2;Tanque grande;Produto A;272;1;7;Não
TRIP-000129;5;Tanque grande;Produto C;380;1;6;Não
TRIP-000130;11;Tanque grande;Produto A;303;2;8;Não
TRIP-000131;3;Tanque médio;Produto A;77;1;5;Não
TRIP-000132;2;Tanque médio;Produto B;139;1;5;Não
TRIP-000133;50;Tanque grande;Produto C;882;2;11;Não
TRIP-000134;1;Tanque pequeno;Produto A;50;1;4;Não
TRIP-000135;2;Tanque médio;Produto A;109;1;3;Não
TRIP-000136;4;Tanque médio;Produto A;417;1;4;Sim
TRIP-000137;6;Tanque pequeno;Produto B;83;1;4;Não
TRIP-000138;4;Tanque médio;Produto B;310;1;5;Sim
TRIP-000139;2;Tanque grande;Produto C;182;1;3;Não
TRIP-000140;8;Tanque grande;Produto D;89;1;4;Sim
TRIP-000141;5;Tanque pequeno;Produto C;207;1;7;Sim
TRIP-000142;7;Tanque pequeno;Produto B;75;1;1;Não
TRIP-000143;3;Tanque médio;Produto B;157;1;5;Não
TRIP-000144;2;Tanque grande;Produto A;270;1;4;Não
TRIP-000145;2;Tanque pequeno;Produto D;356;1;6;Sim
TRIP-000146;4;Tanque médio;Produto B;109;1;3;Não
TRIP-000147;1;Tanque pequeno;Produto A;89;1;4;Não
TRIP-000148;2;Tanque médio;Produto B;50;1;4;Não
TRIP-000149;4;Tanque médio;Produto A;370;1;5;Não
TRIP-000150;37;Tanque grande;Produto B;793;2;8;Não
TRIP-000151;4;Tanque pequeno;Produto B;401;1;5;Não
TRIP-000152;2;Tanque médio;Produto B;471;1;3;Não
TRIP-000153;2;Tanque pequeno;Produto C;84;1;5;Sim
TRIP-000154;3;Tanque médio;Produto A;257;1;2;Não
TRIP-000155;11;Tanque grande;Produto B;333;1;6;Não
TRIP-000156;4;Tanque pequeno;Produto B;56;1;4;Sim
TRIP-000157;7;Tanque grande;Produto B;50;1;4;Sim
TRIP-000158;4;Tanque médio;Produto C;50;1;1;Sim
TRIP-000159;3;Tanque pequeno;Produto B;155;1;4;Não
TRIP-000160;2;Tanque médio;Produto B;110;1;6;Não
TRIP-000161;4;Tanque pequeno;Produto A;249;1;4;Não
TRIP-000162;4;Tanque médio;Produto D;368;1;3;Não
TRIP-000163;3;Tanque grande;Produto B;144;1;3;Não
TRIP-000164;3;Tanque pequeno;Produto B;185;1;4;Não
TRIP-000165;2;Tanque médio;Produto A;50;1;2;Não
TRIP-000166;23;Tanque grande;Produto A;475;2;11;Sim
TRIP-000167;4;Tanque grande;Produto B;312;1;5;Sim
TRIP-000168;1;Tanque médio;Produto C;187;1;3;Sim
TRIP-000169;5;Tanque grande;Produto B;107;1;2;Não
TRIP-000170;2;Tanque médio;Produto D;211;1;5;Não
TRIP-000171;1;Tanque médio;Produto B;92;1;5;Sim
TRIP-000172;2;Tanque grande;Produto B;123;1;3;Não
TRIP-000173;3;Tanque médio;Produto A;240;1;1;Não
TRIP-000174;3;Tanque médio;Produto C;287;1;5;Não
TRIP-000175;2;Tanque médio;Produto A;280;1;4;Não
TRIP-000176;3;Tanque grande;Produto C;83;1;4;Sim
TRIP-000177;2;Tanque grande;Produto D;50;1;7;Sim
TRIP-000178;7;Tanque médio;Produto D;50;1;4;Sim
TRIP-000179;25;Tanque médio;Produto B;566;2;8;Não
TRIP-000180;2;Tanque médio;Produto B;113;1;2;Não
TRIP-000181;2;Tanque médio;Produto C;177;1;4;Não
TRIP-000182;5;Tanque pequeno;Produto A;373;1;5;Não
TRIP-000183;1;Tanque grande;Produto B;139;1;4;Não
TRIP-000184;4;Tanque médio;Produto A;353;1;7;Não
TRIP-000185;2;Tanque médio;Produto B;135;1;5;Não
TRIP-000186;7;Tanque pequeno;Produto A;93;1;4;Não
TRIP-000187;32;Tanque pequeno;Produto A;704;2;9;Sim
TRIP-000188;5;Tanque grande;Produto A;411;1;6;Não
TRIP-000189;15;Tanque médio;Produto B;452;2;7;Não
TRIP-000190;2;Tanque pequeno;Produto B;50;1;4;Não
TRIP-000191;1;Tanque médio;Produto A;84;1;5;Não
TRIP-000192;10;Tanque médio;Produto B;174;1;4;Não
TRIP-000193;3;Tanque pequeno;Produto A;130;1;3;Sim
TRIP-000194;4;Tanque médio;Produto B;340;1;2;Não
TRIP-000195;3;Tanque médio;Produto B;294;1;6;Não
TRIP-000196;22;Tanque médio;Produto B;500;2;10;Sim
TRIP-000197;2;Tanque médio;Produto B;114;1;5;Não
TRIP-000198;1;Tanque médio;Produto A;210;1;2;Não
TRIP-000199;20;Tanque grande;Produto C;437;2;11;Sim
TRIP-000200;5;Tanque médio;Produto B;108;1;3;Não
TRIP-000201;1;Tanque médio;Produto B;88;1;3;Não
TRIP-000202;3;Tanque pequeno;Produto B;501;1;4;Não
TRIP-000203;18;Tanque médio;Produto A;573;2;7;Sim
TRIP-000204;5;Tanque grande;Produto B;130;1;6;Não
TRIP-000205;1;Tanque pequeno;Produto B;174;1;6;Não
TRIP-000206;5;Tanque médio;Produto A;472;1;5;Não
TRIP-000207;2;Tanque pequeno;Produto A;332;1;4;Não
TRIP-000208;1;Tanque médio;Produto A;50;1;3;Não
TRIP-000209;1;Tanque grande;Produto D;71;1;3;Não
TRIP-000210;5;Tanque médio;Produto B;187;1;2;Não
TRIP-000211;2;Tanque médio;Produto A;388;1;5;Não
TRIP-000212;2;Tanque pequeno;Produto A;263;1;5;Sim
TRIP-000213;3;Tanque médio;Produto B;184;1;6;Não
TRIP-000214;5;Tanque pequeno;Produto C;114;1;4;Não
TRIP-000215;23;Tanque grande;Produto A;682;2;7;Não
TRIP-000216;2;Tanque pequeno;Produto A;158;1;5;Não
TRIP-000217;2;Tanque grande;Produto C;386;1;5;Não
TRIP-000218;3;Tanque médio;Produto A;151;1;6;Não
TRIP-000219;3;Tanque médio;Produto A;50;1;6;Não
TRIP-000220;4;Tanque médio;Produto D;241;1;7;Sim
TRIP-000221;3;Tanque grande;Produto B;325;1;4;Não
TRIP-000222;7;Tanque pequeno;Produto A;540;1;9;Não
TRIP-000223;1;Tanque pequeno;Produto A;163;1;5;Sim
TRIP-000224;2;Tanque médio;Produto A;133;1;6;Não
TRIP-000225;1;Tanque pequeno;Produto A;227;1;4;Não
TRIP-000226;4;Tanque pequeno;Produto C;51;1;3;Sim
TRIP-000227;10;Tanque grande;Produto B;224;1;5;Não
TRIP-000228;10;Tanque grande;Produto B;224;1;5;Não
TRIP-000229;6;Tanque médio;Produto D;158;1;6;Não
TRIP-000230;3;Tanque grande;Produto B;166;1;4;Não
TRIP-000231;31;Tanque médio;Produto A;554;2;11;Não
TRIP-000232;2;Tanque médio;Produto B;231;1;6;Sim
TRIP-000233;3;Tanque médio;Produto D;129;1;4;Não
TRIP-000234;2;Tanque médio;Produto C;50;1;5;Não
TRIP-000235;3;Tanque grande;Produto A;277;1;4;Não
TRIP-000236;5;Tanque médio;Produto B;72;1;7;Não
TRIP-000237;1;Tanque médio;Produto B;130;1;1;Não
TRIP-000238;2;Tanque pequeno;Produto D;194;1;5;Sim
TRIP-000239;23;Tanque pequeno;Produto A;566;2;7;Não
TRIP-000240;2;Tanque pequeno;Produto B;400;1;5;Não
TRIP-000241;3;Tanque grande;Produto C;203;1;4;Sim
TRIP-000242;11;Tanque grande;Produto B;544;1;8;Sim
TRIP-000243;4;Tanque grande;Produto B;359;1;4;Não
TRIP-000244;3;Tanque médio;Produto A;50;1;6;Não
TRIP-000245;3;Tanque médio;Produto A;529;1;4;Não
TRIP-000246;3;Tanque pequeno;Produto A;209;1;6;Não
TRIP-000247;5;Tanque médio;Produto D;50;1;3;Não
TRIP-000248;4;Tanque médio;Produto A;387;1;5;Não
TRIP-000249;3;Tanque grande;Produto B;234;1;4;Não
TRIP-000250;2;Tanque médio;Produto B;173;1;6;Não
TRIP-000251;13;Tanque pequeno;Produto A;338;2;10;Sim
TRIP-000252;9;Tanque pequeno;Produto B;174;1;5;Não
TRIP-000253;2;Tanque pequeno;Produto B;249;1;3;Não
TRIP-000254;3;Tanque médio;Produto C;156;1;3;Não
TRIP-000255;1;Tanque grande;Produto B;163;1;3;Não
TRIP-000256;3;Tanque médio;Produto B;50;1;1;Não
TRIP-000257;8;Tanque grande;Produto A;266;1;6;Não
TRIP-000258;50;Tanque médio;Produto D;764;3;13;Não
TRIP-000259;1;Tanque médio;Produto A;128;1;4;Não
TRIP-000260;3;Tanque pequeno;Produto C;73;1;6;Sim
TRIP-000261;4;Tanque grande;Produto A;99;1;3;Não
TRIP-000262;2;Tanque grande;Produto D;50;1;2;Sim
TRIP-000263;6;Tanque pequeno;Produto B;146;1;4;Sim
TRIP-000264;3;Tanque médio;Produto C;159;1;2;Não
TRIP-000265;7;Tanque médio;Produto A;182;1;5;Não
TRIP-000266;4;Tanque médio;Produto B;352;1;4;Não
TRIP-000267;1;Tanque grande;Produto B;93;1;3;Não
TRIP-000268;2;Tanque médio;Produto C;100;1;3;Sim
TRIP-000269;1;Tanque médio;Produto A;50;1;4;Não
TRIP-000270;7;Tanque pequeno;Produto D;92;1;4;Não
TRIP-000271;4;Tanque pequeno;Produto C;50;1;3;Sim
TRIP-000272;4;Tanque pequeno;Produto A;352;1;4;Não
TRIP-000273;2;Tanque pequeno;Produto C;59;1;4;Não
TRIP-000274;1;Tanque médio;Produto B;60;1;3;Não
TRIP-000275;5;Tanque médio;Produto B;188;1;4;Não
TRIP-000276;2;Tanque pequeno;Produto A;74;1;3;Não
TRIP-000277;1;Tanque grande;Produto B;66;1;5;Não
TRIP-000278;3;Tanque pequeno;Produto B;53;1;4;Não
TRIP-000279;1;Tanque médio;Produto B;89;1;3;Não
TRIP-000280;2;Tanque pequeno;Produto B;213;1;5;Sim
TRIP-000281;4;Tanque médio;Produto B;368;1;5;Não
TRIP-000282;1;Tanque médio;Produto B;68;1;1;Não
TRIP-000283;12;Tanque médio;Produto A;174;1;5;Sim
TRIP-000284;1;Tanque médio;Produto C;113;1;2;Sim
TRIP-000285;30;Tanque grande;Produto B;577;2;11;Não
TRIP-000286;4;Tanque pequeno;Produto A;513;1;5;Não
TRIP-000287;4;Tanque pequeno;Produto A;50;1;5;Sim
TRIP-000288;2;Tanque pequeno;Produto B;180;1;3;Não
TRIP-000289;3;Tanque médio;Produto C;196;1;4;Sim
TRIP-000290;1;Tanque pequeno;Produto A;111;1;6;Não
TRIP-000291;1;Tanque grande;Produto B;92;1;3;Não
TRIP-000292;2;Tanque médio;Produto A;72;1;3;Sim
TRIP-000293;5;Tanque médio;Produto B;101;1;5;Não
TRIP-000294;7;Tanque médio;Produto D;311;1;6;Sim
TRIP-000295;1;Tanque pequeno;Produto C;246;1;4;Não
TRIP-000296;3;Tanque pequeno;Produto A;162;1;1;Sim
TRIP-000297;7;Tanque médio;Produto B;82;1;3;Não
TRIP-000298;2;Tanque médio;Produto A;102;1;5;Não
TRIP-000299;41;Tanque pequeno;Produto B;759;2;9;Não
TRIP-000300;5;Tanque pequeno;Produto C;590;1;6;Não
TRIP-000301;8;Tanque grande;Produto C;99;1;3;Sim
TRIP-000302;4;Tanque pequeno;Produto A;58;1;1;Não
TRIP-000303;8;Tanque grande;Produto D;111;1;3;Sim
TRIP-000304;4;Tanque grande;Produto B;130;1;5;Não
TRIP-000305;2;Tanque médio;Produto A;50;1;1;Não
TRIP-000306;8;Tanque pequeno;Produto B;222;1;5;Não
TRIP-000307;2;Tanque pequeno;Produto B;152;1;2;Não
TRIP-000308;2;Tanque médio;Produto B;117;1;5;Não
TRIP-000309;4;Tanque médio;Produto B;94;1;5;Não
TRIP-000310;5;Tanque grande;Produto B;329;1;5;Não
TRIP-000311;7;Tanque grande;Produto A;82;1;4;Não
TRIP-000312;50;Tanque médio;Produto C;940;3;13;Não
TRIP-000313;5;Tanque pequeno;Produto B;204;1;2;Não
TRIP-000314;5;Tanque pequeno;Produto A;190;1;7;Não
TRIP-000315;1;Tanque grande;Produto C;267;1;3;Não
TRIP-000316;35;Tanque pequeno;Produto D;576;2;12;Sim
TRIP-000317;2;Tanque pequeno;Produto D;95;1;3;Não
TRIP-000318;2;Tanque médio;Produto A;289;1;5;Não
TRIP-000319;11;Tanque médio;Produto A;279;1;3;Não
TRIP-000320;5;Tanque grande;Produto B;402;1;6;Não
TRIP-000321;4;Tanque médio;Produto A;135;1;4;Não
TRIP-000322;11;Tanque pequeno;Produto D;378;1;5;Sim
TRIP-000323;2;Tanque grande;Produto A;87;1;5;Não
TRIP-000324;5;Tanque médio;Produto A;50;1;3;Não
TRIP-000325;2;Tanque médio;Produto B;178;1;2;Não
TRIP-000326;7;Tanque médio;Produto B;363;1;6;Sim
TRIP-000327;1;Tanque pequeno;Produto C;191;1;3;Não
TRIP-000328;9;Tanque médio;Produto B;203;1;5;Não
TRIP-000329;2;Tanque pequeno;Produto A;284;1;6;Sim
TRIP-000330;2;Tanque médio;Produto A;271;1;4;Não
TRIP-000331;25;Tanque médio;Produto B;465;2;11;Não
TRIP-000332;2;Tanque grande;Produto A;107;1;5;Não
TRIP-000333;3;Tanque grande;Produto B;249;1;3;Sim
TRIP-000334;7;Tanque pequeno;Produto B;551;1;8;Não
TRIP-000335;4;Tanque médio;Produto B;249;1;3;Não
TRIP-000336;15;Tanque médio;Produto D;477;2;8;Sim
TRIP-000337;1;Tanque pequeno;Produto D;112;1;4;Sim
TRIP-000338;14;Tanque grande;Produto D;382;2;9;Sim
TRIP-000339;4;Tanque médio;Produto A;385;1;7;Não
TRIP-000340;1;Tanque pequeno;Produto A;50;1;5;Sim
TRIP-000341;2;Tanque médio;Produto A;225;1;5;Não
TRIP-000342;2;Tanque pequeno;Produto C;204;1;4;Não
TRIP-000343;1;Tanque médio;Produto D;348;1;2;Sim
TRIP-000344;3;Tanque pequeno;Produto C;206;1;2;Sim
TRIP-000345;50;Tanque grande;Produto A;1048;3;17;Não
TRIP-000346;21;Tanque grande;Produto D;652;2;7;Não
TRIP-000347;3;Tanque médio;Produto B;289;1;3;Não
TRIP-000348;4;Tanque médio;Produto A;219;1;6;Não
TRIP-000349;2;Tanque grande;Produto B;50;1;4;Sim
TRIP-000350;4;Tanque médio;Produto A;207;1;6;Não
TRIP-000351;3;Tanque pequeno;Produto B;192;1;5;Não
TRIP-000352;50;Tanque médio;Produto A;993;3;17;Não
TRIP-000353;2;Tanque grande;Produto B;274;1;5;Não
TRIP-000354;6;Tanque médio;Produto B;412;1;6;Não
TRIP-000355;3;Tanque médio;Produto C;97;1;3;Não
TRIP-000356;2;Tanque grande;Produto B;353;1;6;Não
TRIP-000357;2;Tanque grande;Produto B;50;1;3;Não
TRIP-000358;12;Tanque grande;Produto C;472;1;5;Sim
TRIP-000359;2;Tanque pequeno;Produto D;73;1;5;Não
TRIP-000360;3;Tanque médio;Produto A;50;1;5;Não
TRIP-000361;7;Tanque médio;Produto B;152;1;7;Sim
TRIP-000362;6;Tanque grande;Produto A;340;1;7;Não
TRIP-000363;3;Tanque médio;Produto A;151;1;5;Não
TRIP-000364;4;Tanque pequeno;Produto B;57;1;1;Não
TRIP-000365;7;Tanque grande;Produto C;273;1;7;Não
TRIP-000366;3;Tanque médio;Produto A;150;1;5;Não
TRIP-000367;2;Tanque pequeno;Produto C;87;1;3;Sim
TRIP-000368;2;Tanque médio;Produto C;200;1;5;Sim
TRIP-000369;9;Tanque pequeno;Produto D;157;1;3;Sim
TRIP-000370;4;Tanque médio;Produto A;201;1;5;Não
TRIP-000371;50;Tanque pequeno;Produto D;1009;3;13;Não
TRIP-000372;6;Tanque médio;Produto A;50;1;2;Não
TRIP-000373;6;Tanque médio;Produto B;510;1;7;Não
TRIP-000374;1;Tanque médio;Produto A;50;1;5;Sim
TRIP-000375;3;Tanque médio;Produto A;210;1;5;Não
TRIP-000376;2;Tanque grande;Produto B;152;1;4;Sim
TRIP-000377;6;Tanque pequeno;Produto B;275;1;1;Não
TRIP-000378;1;Tanque pequeno;Produto A;123;1;4;Não
TRIP-000379;5;Tanque grande;Produto A;164;1;5;Sim
TRIP-000380;3;Tanque pequeno;Produto B;161;1;4;Não
TRIP-000381;1;Tanque grande;Produto A;180;1;4;Sim
TRIP-000382;10;Tanque grande;Produto C;191;1;4;Não
TRIP-000383;3;Tanque médio;Produto A;155;1;4;Não
TRIP-000384;2;Tanque grande;Produto A;124;1;4;Não
TRIP-000385;2;Tanque pequeno;Produto B;140;1;4;Não
TRIP-000386;7;Tanque médio;Produto B;216;1;7;Não
TRIP-000387;2;Tanque médio;Produto A;219;1;1;Não
TRIP-000388;1;Tanque médio;Produto A;89;1;3;Não
TRIP-000389;1;Tanque grande;Produto D;63;1;2;Não
TRIP-000390;2;Tanque pequeno;Produto B;50;1;4;Não
TRIP-000391;35;Tanque médio;Produto A;645;2;10;Não
TRIP-000392;3;Tanque médio;Produto B;50;1;6;Não
TRIP-000393;2;Tanque médio;Produto C;73;1;7;Não
TRIP-000394;2;Tanque médio;Produto A;328;1;4;Sim
TRIP-000395;2;Tanque médio;Produto A;50;1;4;Não
TRIP-000396;8;Tanque grande;Produto C;101;1;4;Sim
TRIP-000397;3;Tanque pequeno;Produto B;384;1;4;Sim
TRIP-000398;12;Tanque grande;Produto B;170;1;5;Não
TRIP-000399;50;Tanque médio;Produto A;808;2;10;Não
TRIP-000400;2;Tanque grande;Produto A;308;1;3;Sim
TRIP-000401;6;Tanque médio;Produto B;50;1;3;Não
TRIP-000402;2;Tanque pequeno;Produto A;192;1;3;Não
TRIP-000403;4;Tanque médio;Produto B;50;1;5;Sim
TRIP-000404;12;Tanque grande;Produto B;281;1;7;Não
TRIP-000405;1;Tanque médio;Produto A;109;1;4;Não
TRIP-000406;2;Tanque grande;Produto D;275;1;5;Sim
TRIP-000407;30;Tanque médio;Produto C;591;2;10;Sim
TRIP-000408;30;Tanque pequeno;Produto B;573;2;11;Não
TRIP-000409;2;Tanque médio;Produto A;151;1;6;Não
TRIP-000410;2;Tanque grande;Produto A;341;1;5;Não
TRIP-000411;1;Tanque médio;Produto B;124;1;4;Não
TRIP-000412;5;Tanque grande;Produto A;209;1;5;Sim
TRIP-000413;1;Tanque grande;Produto D;50;1;2;Sim
TRIP-000414;3;Tanque médio;Produto A;75;1;6;Não
TRIP-000415;4;Tanque pequeno;Produto B;285;1;7;Sim
TRIP-000416;2;Tanque médio;Produto A;50;1;5;Não
TRIP-000417;1;Tanque médio;Produto B;191;1;2;Não
TRIP-000418;5;Tanque grande;Produto A;206;1;1;Sim
TRIP-000419;2;Tanque médio;Produto B;293;1;6;Não
TRIP-000420;4;Tanque médio;Produto A;50;1;3;Não
TRIP-000421;6;Tanque grande;Produto C;50;1;4;Não
TRIP-000422;4;Tanque médio;Produto A;389;1;7;Não
TRIP-000423;3;Tanque médio;Produto D;206;1;3;Sim
TRIP-000424;2;Tanque médio;Produto C;126;1;3;Não
TRIP-000425;2;Tanque médio;Produto A;50;1;4;Não
TRIP-000426;6;Tanque médio;Produto C;118;1;2;Sim
TRIP-000427;6;Tanque grande;Produto A;51;1;3;Não
TRIP-000428;3;Tanque médio;Produto D;373;1;5;Sim
TRIP-000429;3;Tanque médio;Produto B;50;1;3;Não
TRIP-000430;8;Tanque médio;Produto A;141;1;5;Não
TRIP-000431;11;Tanque médio;Produto A;343;1;9;Não
TRIP-000432;3;Tanque médio;Produto A;296;1;5;Não
TRIP-000433;2;Tanque grande;Produto D;111;1;3;Sim
TRIP-000434;3;Tanque médio;Produto A;299;1;7;Sim
TRIP-000435;9;Tanque médio;Produto B;344;1;2;Sim
TRIP-000436;1;Tanque médio;Produto B;198;1;2;Não
TRIP-000437;3;Tanque pequeno;Produto D;258;1;4;Não
TRIP-000438;2;Tanque médio;Produto A;143;1;4;Sim
TRIP-000439;3;Tanque médio;Produto B;429;1;4;Não
TRIP-000440;2;Tanque médio;Produto B;162;1;4;Não
TRIP-000441;18;Tanque médio;Produto B;50;1;4;Não
TRIP-000442;2;Tanque pequeno;Produto A;269;1;6;Não
TRIP-000443;3;Tanque pequeno;Produto A;55;1;4;Não
TRIP-000444;3;Tanque grande;Produto A;474;1;5;Sim
TRIP-000445;2;Tanque médio;Produto B;251;1;6;Não
TRIP-000446;2;Tanque médio;Produto A;50;1;2;Não
TRIP-000447;3;Tanque pequeno;Produto B;357;1;2;Não
TRIP-000448;2;Tanque pequeno;Produto A;225;1;6;Não
TRIP-000449;3;Tanque médio;Produto C;318;1;6;Sim
TRIP-000450;1;Tanque médio;Produto D;183;1;3;Não
TRIP-000451;3;Tanque médio;Produto B;457;1;5;Não
TRIP-000452;9;Tanque pequeno;Produto A;86;1;2;Não
TRIP-000453;9;Tanque médio;Produto A;370;1;5;Não
TRIP-000454;3;Tanque pequeno;Produto A;231;1;7;Não
TRIP-000455;3;Tanque pequeno;Produto A;50;1;5;Não
TRIP-000456;7;Tanque médio;Produto B;50;1;5;Não
TRIP-000457;1;Tanque médio;Produto B;131;1;5;Não
TRIP-000458;5;Tanque pequeno;Produto D;74;1;4;Sim
TRIP-000459;8;Tanque médio;Produto B;50;1;5;Sim
TRIP-000460;1;Tanque médio;Produto B;50;1;5;Sim
TRIP-000461;2;Tanque grande;Produto B;149;1;6;Sim
TRIP-000462;9;Tanque médio;Produto B;72;1;3;Não
TRIP-000463;50;Tanque pequeno;Produto A;879;3;11;Não
TRIP-000464;1;Tanque médio;Produto B;88;1;5;Não
TRIP-000465;4;Tanque grande;Produto B;440;1;6;Não
TRIP-000466;5;Tanque médio;Produto B;591;1;5;Sim
TRIP-000467;4;Tanque médio;Produto D;104;1;4;Sim
TRIP-000468;5;Tanque pequeno;Produto A;95;1;8;Não
TRIP-000469;14;Tanque médio;Produto A;106;1;3;Não
TRIP-000470;2;Tanque pequeno;Produto B;149;1;3;Sim
TRIP-000471;3;Tanque médio;Produto B;121;1;4;Sim
TRIP-000472;3;Tanque grande;Produto A;50;1;5;Não
TRIP-000473;3;Tanque grande;Produto C;237;1;8;Não
TRIP-000474;1;Tanque médio;Produto D;121;1;5;Sim
TRIP-000475;50;Tanque médio;Produto D;902;3;12;Sim
TRIP-000476;8;Tanque grande;Produto A;375;1;8;Não
TRIP-000477;3;Tanque médio;Produto C;123;1;4;Não
TRIP-000478;3;Tanque pequeno;Produto B;288;1;3;Não
TRIP-000479;2;Tanque médio;Produto B;279;1;3;Sim
TRIP-000480;18;Tanque pequeno;Produto B;416;2;10;Não
TRIP-000481;4;Tanque médio;Produto C;50;1;4;Sim
TRIP-000482;3;Tanque médio;Produto B;50;1;4;Não
TRIP-000483;13;Tanque médio;Produto A;71;1;6;Não
TRIP-000484;3;Tanque médio;Produto B;174;1;3;Não
TRIP-000485;2;Tanque pequeno;Produto B;68;1;6;Não
TRIP-000486;4;Tanque médio;Produto A;107;1;3;Não
TRIP-000487;4;Tanque grande;Produto D;405;1;8;Sim
TRIP-000488;3;Tanque médio;Produto B;288;1;6;Sim
TRIP-000489;2;Tanque médio;Produto B;123;1;3;Não
TRIP-000490;3;Tanque grande;Produto A;344;1;2;Não
TRIP-000491;6;Tanque grande;Produto B;271;1;6;Sim
TRIP-000492;18;Tanque pequeno;Produto A;508;2;8;Não
TRIP-000493;5;Tanque pequeno;Produto A;303;1;4;Não
TRIP-000494;3;Tanque médio;Produto B;149;1;5;Não
TRIP-000495;2;Tanque grande;Produto B;200;1;6;Não
TRIP-000496;6;Tanque grande;Produto B;242;1;6;Sim
TRIP-000497;1;Tanque grande;Produto A;119;1;2;Não
TRIP-000498;2;Tanque médio;Produto B;208;1;6;Não
TRIP-000499;3;Tanque médio;Produto A;183;1;3;Não
TRIP-000500;2;Tanque pequeno;Produto D;302;1;1;Não
TRIP-000501;50;Tanque pequeno;Produto B;812;3;12;Sim
TRIP-000502;4;Tanque médio;Produto B;219;1;5;Não
TRIP-000503;21;Tanque médio;Produto A;575;2;8;Não
TRIP-000504;3;Tanque médio;Produto A;293;1;5;Não
TRIP-000505;10;Tanque médio;Produto D;207;1;5;Não
TRIP-000506;3;Tanque médio;Produto A;112;1;4;Não
TRIP-000507;6;Tanque médio;Produto B;208;1;4;Sim
TRIP-000508;1;Tanque pequeno;Produto B;197;1;2;Não
TRIP-000509;3;Tanque médio;Produto A;84;1;4;Sim
TRIP-000510;6;Tanque grande;Produto C;99;1;1;Sim
TRIP-000511;3;Tanque médio;Produto B;244;1;3;Não
TRIP-000512;22;Tanque grande;Produto A;571;2;8;Não
TRIP-000513;2;Tanque médio;Produto A;165;1;4;Não
TRIP-000514;1;Tanque médio;Produto A;50;1;3;Não
TRIP-000515;2;Tanque médio;Produto C;56;1;5;Não
TRIP-000516;4;Tanque médio;Produto B;317;1;7;Sim
TRIP-000517;6;Tanque grande;Produto A;50;1;2;Não
TRIP-000518;4;Tanque médio;Produto A;358;1;8;Sim
TRIP-000519;10;Tanque grande;Produto B;303;1;4;Não
TRIP-000520;9;Tanque pequeno;Produto B;159;1;4;Sim
TRIP-000521;2;Tanque grande;Produto B;85;1;5;Não
TRIP-000522;3;Tanque pequeno;Produto A;139;1;8;Não
TRIP-000523;7;Tanque grande;Produto A;238;1;4;Sim
TRIP-000524;9;Tanque médio;Produto B;50;1;1;Não
TRIP-000525;6;Tanque médio;Produto D;529;1;8;Sim
TRIP-000526;2;Tanque médio;Produto A;237;1;3;Não
TRIP-000527;3;Tanque grande;Produto B;260;1;4;Sim
TRIP-000528;4;Tanque pequeno;Produto B;301;1;3;Não
TRIP-000529;4;Tanque médio;Produto B;491;1;5;Não
TRIP-000530;4;Tanque grande;Produto A;209;1;3;Não
TRIP-000531;2;Tanque médio;Produto C;317;1;6;Sim
TRIP-000532;1;Tanque pequeno;Produto B;87;1;4;Não
TRIP-000533;29;Tanque médio;Produto B;659;2;9;Não
TRIP-000534;3;Tanque médio;Produto A;197;1;6;Não
TRIP-000535;2;Tanque grande;Produto A;86;1;4;Não
TRIP-000536;2;Tanque grande;Produto A;112;1;1;Não
TRIP-000537;2;Tanque médio;Produto B;50;1;5;Sim
TRIP-000538;1;Tanque grande;Produto A;111;1;4;Não
TRIP-000539;2;Tanque médio;Produto B;50;1;6;Sim
TRIP-000540;11;Tanque pequeno;Produto B;336;1;5;Sim
TRIP-000541;2;Tanque médio;Produto B;253;1;3;Sim
TRIP-000542;2;Tanque médio;Produto B;60;1;3;Não
TRIP-000543;3;Tanque pequeno;Produto A;167;1;5;Não
TRIP-000544;11;Tanque grande;Produto A;174;1;3;Não
TRIP-000545;1;Tanque grande;Produto A;50;1;3;Sim
TRIP-000546;4;Tanque médio;Produto B;142;1;4;Não
TRIP-000547;4;Tanque médio;Produto B;179;1;2;Não
TRIP-000548;3;Tanque médio;Produto A;138;1;3;Não
TRIP-000549;1;Tanque grande;Produto B;86;1;4;Não
TRIP-000550;4;Tanque grande;Produto A;58;1;6;Não
TRIP-000551;1;Tanque médio;Produto A;133;1;5;Sim
TRIP-000552;3;Tanque grande;Produto A;98;1;4;Não
TRIP-000553;5;Tanque médio;Produto C;285;1;3;Não
TRIP-000554;5;Tanque médio;Produto A;514;1;7;Sim
TRIP-000555;7;Tanque pequeno;Produto A;372;1;6;Não
TRIP-000556;1;Tanque pequeno;Produto A;185;1;3;Não
TRIP-000557;6;Tanque médio;Produto A;90;1;5;Não
TRIP-000558;4;Tanque médio;Produto B;364;1;6;Não
TRIP-000559;2;Tanque pequeno;Produto A;299;1;3;Não
TRIP-000560;18;Tanque médio;Produto A;487;2;9;Não
TRIP-000561;9;Tanque pequeno;Produto B;209;1;4;Sim
TRIP-000562;46;Tanque médio;Produto A;634;2;13;Não
TRIP-000563;2;Tanque médio;Produto B;209;1;5;Não
TRIP-000564;2;Tanque grande;Produto B;89;1;4;Não
TRIP-000565;3;Tanque médio;Produto A;108;1;5;Sim
TRIP-000566;4;Tanque pequeno;Produto B;274;1;7;Não
TRIP-000567;1;Tanque médio;Produto A;98;1;4;Não
TRIP-000568;27;Tanque grande;Produto B;631;2;9;Não
TRIP-000569;2;Tanque grande;Produto B;256;1;6;Sim
TRIP-000570;2;Tanque médio;Produto A;181;1;4;Não
TRIP-000571;2;Tanque médio;Produto B;195;1;3;Não
TRIP-000572;4;Tanque grande;Produto C;137;1;2;Não
TRIP-000573;2;Tanque pequeno;Produto D;50;1;6;Sim
TRIP-000574;2;Tanque médio;Produto B;108;1;4;Não
TRIP-000575;20;Tanque médio;Produto B;574;2;8;Não
TRIP-000576;10;Tanque pequeno;Produto A;214;1;4;Não
TRIP-000577;10;Tanque médio;Produto A;405;1;6;Não
TRIP-000578;6;Tanque médio;Produto B;414;1;5;Não
TRIP-000579;1;Tanque médio;Produto A;169;1;2;Não
TRIP-000580;2;Tanque grande;Produto D;303;1;5;Sim
TRIP-000581;2;Tanque médio;Produto A;50;1;6;Não
TRIP-000582;5;Tanque grande;Produto A;540;1;7;Não
TRIP-000583;5;Tanque pequeno;Produto B;507;1;5;Não
TRIP-000584;5;Tanque médio;Produto C;268;1;6;Sim
TRIP-000585;6;Tanque pequeno;Produto B;221;1;5;Não
TRIP-000586;6;Tanque grande;Produto B;171;1;6;Não
TRIP-000587;4;Tanque grande;Produto A;442;1;6;Não
TRIP-000588;4;Tanque médio;Produto C;332;1;3;Não
TRIP-000589;2;Tanque grande;Produto A;123;1;7;Não
TRIP-000590;1;Tanque médio;Produto C;50;1;4;Não
TRIP-000591;4;Tanque grande;Produto B;50;1;5;Não
TRIP-000592;11;Tanque médio;Produto B;438;2;7;Não
TRIP-000593;2;Tanque grande;Produto B;168;1;5;Sim
TRIP-000594;3;Tanque médio;Produto B;264;1;6;Sim
TRIP-000595;5;Tanque pequeno;Produto A;188;1;7;Não
TRIP-000596;5;Tanque médio;Produto C;50;1;6;Sim
TRIP-000597;2;Tanque pequeno;Produto B;50;1;5;Não
TRIP-000598;5;Tanque médio;Produto A;114;1;2;Não
TRIP-000599;2;Tanque médio;Produto A;124;1;4;Não
TRIP-000600;2;Tanque médio;Produto B;124;1;3;Sim
TRIP-000601;4;Tanque pequeno;Produto B;128;1;4;Sim
TRIP-000602;50;Tanque pequeno;Produto B;773;3;12;Não
TRIP-000603;13;Tanque médio;Produto B;401;1;5;Não
TRIP-000604;2;Tanque grande;Produto B;217;1;4;Sim
TRIP-000605;4;Tanque médio;Produto D;164;1;3;Sim
TRIP-000606;3;Tanque médio;Produto B;169;1;3;Sim
TRIP-000607;8;Tanque médio;Produto C;323;1;5;Não
TRIP-000608;2;Tanque médio;Produto A;162;1;5;Não
TRIP-000609;5;Tanque médio;Produto B;369;1;1;Não
TRIP-000610;3;Tanque médio;Produto A;237;1;1;Não
TRIP-000611;50;Tanque pequeno;Produto B;778;3;13;Não
TRIP-000612;3;Tanque grande;Produto C;153;1;4;Sim
TRIP-000613;3;Tanque pequeno;Produto A;423;1;5;Não
TRIP-000614;3;Tanque médio;Produto A;55;1;3;Não
TRIP-000615;6;Tanque pequeno;Produto C;92;1;4;Sim
TRIP-000616;9;Tanque pequeno;Produto A;704;1;7;Não
TRIP-000617;4;Tanque grande;Produto B;357;1;4;Sim
TRIP-000618;4;Tanque pequeno;Produto B;268;1;6;Sim
TRIP-000619;1;Tanque pequeno;Produto C;166;1;4;Não
TRIP-000620;17;Tanque médio;Produto A;422;2;10;Não
TRIP-000621;4;Tanque pequeno;Produto A;446;1;5;Não
TRIP-000622;42;Tanque pequeno;Produto B;595;2;13;Não
TRIP-000623;1;Tanque grande;Produto D;50;1;5;Não
TRIP-000624;3;Tanque grande;Produto B;165;1;3;Não
TRIP-000625;3;Tanque grande;Produto A;234;1;6;Sim
TRIP-000626;3;Tanque grande;Produto B;588;1;3;Não
TRIP-000627;3;Tanque médio;Produto D;259;1;5;Não
TRIP-000628;3;Tanque pequeno;Produto C;447;1;6;Sim
TRIP-000629;7;Tanque grande;Produto D;50;1;4;Sim
TRIP-000630;6;Tanque grande;Produto A;131;1;4;Não
TRIP-000631;6;Tanque grande;Produto A;506;1;4;Não
TRIP-000632;1;Tanque médio;Produto B;148;1;3;Não
TRIP-000633;5;Tanque pequeno;Produto C;178;1;4;Não
TRIP-000634;24;Tanque grande;Produto A;581;2;8;Não
TRIP-000635;5;Tanque médio;Produto A;71;1;6;Não
TRIP-000636;1;Tanque grande;Produto C;91;1;1;Sim
TRIP-000637;3;Tanque pequeno;Produto A;50;1;3;Não
TRIP-000638;32;Tanque pequeno;Produto A;599;2;10;Não
TRIP-000639;5;Tanque pequeno;Produto B;395;1;6;Sim
TRIP-000640;4;Tanque grande;Produto B;387;1;4;Não
TRIP-000641;3;Tanque pequeno;Produto B;127;1;6;Não
TRIP-000642;2;Tanque pequeno;Produto A;50;1;2;Não
TRIP-000643;1;Tanque grande;Produto B;50;1;3;Sim
TRIP-000644;6;Tanque pequeno;Produto B;509;1;6;Não
TRIP-000645;2;Tanque grande;Produto B;283;1;6;Não
TRIP-000646;3;Tanque médio;Produto B;329;1;3;Sim
TRIP-000647;3;Tanque grande;Produto A;225;1;8;Não
TRIP-000648;3;Tanque médio;Produto A;79;1;2;Não
TRIP-000649;1;Tanque grande;Produto A;133;1;2;Não
TRIP-000650;4;Tanque grande;Produto A;59;1;4;Não
TRIP-000651;5;Tanque pequeno;Produto B;50;1;3;Não
TRIP-000652;2;Tanque pequeno;Produto C;370;1;4;Não
TRIP-000653;1;Tanque médio;Produto B;50;1;5;Sim
TRIP-000654;1;Tanque médio;Produto C;59;1;1;Não
TRIP-000655;6;Tanque grande;Produto A;141;1;2;Não
TRIP-000656;3;Tanque médio;Produto B;193;1;3;Não
TRIP-000657;2;Tanque médio;Produto B;50;1;5;Sim
TRIP-000658;2;Tanque pequeno;Produto A;257;1;4;Não
TRIP-000659;4;Tanque grande;Produto A;214;1;7;Não
TRIP-000660;29;Tanque grande;Produto B;502;2;11;Sim
TRIP-000661;6;Tanque médio;Produto D;196;1;5;Sim
TRIP-000662;4;Tanque médio;Produto A;279;1;5;Não
TRIP-000663;1;Tanque pequeno;Produto A;84;1;4;Não
TRIP-000664;1;Tanque médio;Produto C;88;1;4;Sim
TRIP-000665;1;Tanque médio;Produto A;50;1;3;Não
TRIP-000666;1;Tanque pequeno;Produto C;85;1;3;Sim
TRIP-000667;1;Tanque médio;Produto B;131;1;2;Não
TRIP-000668;2;Tanque médio;Produto D;465;1;2;Sim
TRIP-000669;2;Tanque médio;Produto B;72;1;5;Não
TRIP-000670;50;Tanque médio;Produto B;803;2;10;Não
TRIP-000671;4;Tanque pequeno;Produto B;299;1;5;Não
TRIP-000672;6;Tanque grande;Produto B;251;1;5;Não
TRIP-000673;4;Tanque médio;Produto B;182;1;3;Não
TRIP-000674;1;Tanque médio;Produto A;152;1;3;Sim
TRIP-000675;4;Tanque pequeno;Produto B;99;1;3;Sim
TRIP-000676;2;Tanque grande;Produto B;50;1;6;Não
TRIP-000677;3;Tanque grande;Produto C;74;1;2;Sim
TRIP-000678;14;Tanque pequeno;Produto B;598;2;5;Não
TRIP-000679;17;Tanque médio;Produto B;284;1;4;Não
TRIP-000680;32;Tanque pequeno;Produto A;594;2;11;Sim
TRIP-000681;1;Tanque médio;Produto B;97;1;1;Não
TRIP-000682;7;Tanque pequeno;Produto B;57;1;2;Não
TRIP-000683;1;Tanque médio;Produto C;181;1;5;Não
TRIP-000684;4;Tanque médio;Produto D;78;1;8;Não
TRIP-000685;4;Tanque médio;Produto A;216;1;2;Não
TRIP-000686;5;Tanque médio;Produto C;50;1;2;Sim
TRIP-000687;10;Tanque médio;Produto A;50;1;4;Não
TRIP-000688;11;Tanque médio;Produto A;243;1;6;Não
TRIP-000689;25;Tanque pequeno;Produto B;610;2;9;Sim
TRIP-000690;5;Tanque pequeno;Produto A;252;1;2;Não
TRIP-000691;4;Tanque grande;Produto B;282;1;5;Não
TRIP-000692;4;Tanque pequeno;Produto A;188;1;5;Não
TRIP-000693;2;Tanque médio;Produto A;204;1;7;Não
TRIP-000694;3;Tanque grande;Produto B;50;1;5;Não
TRIP-000695;11;Tanque médio;Produto B;81;1;5;Não
TRIP-000696;20;Tanque médio;Produto D;461;2;8;Não
TRIP-000697;3;Tanque médio;Produto B;129;1;8;Não
TRIP-000698;14;Tanque grande;Produto B;454;2;8;Sim
TRIP-000699;2;Tanque grande;Produto B;199;1;3;Não
TRIP-000700;6;Tanque médio;Produto A;208;1;7;Não
TRIP-000701;4;Tanque pequeno;Produto A;130;1;2;Não
TRIP-000702;3;Tanque médio;Produto B;317;1;2;Não
TRIP-000703;2;Tanque médio;Produto B;380;1;5;Não
TRIP-000704;2;Tanque médio;Produto B;76;1;4;Não
TRIP-000705;2;Tanque pequeno;Produto B;50;1;3;Não
TRIP-000706;7;Tanque pequeno;Produto B;50;1;5;Não
TRIP-000707;4;Tanque grande;Produto A;271;1;3;Não
TRIP-000708;2;Tanque médio;Produto A;246;1;5;Não
TRIP-000709;50;Tanque médio;Produto C;969;3;14;Não
TRIP-000710;1;Tanque médio;Produto B;189;1;3;Não
TRIP-000711;10;Tanque grande;Produto C;159;1;4;Sim
TRIP-000712;3;Tanque médio;Produto A;222;1;6;Não
TRIP-000713;4;Tanque médio;Produto D;232;1;8;Não
TRIP-000714;2;Tanque pequeno;Produto A;148;1;5;Não
TRIP-000715;3;Tanque médio;Produto A;79;1;1;Não
TRIP-000716;4;Tanque grande;Produto D;180;1;4;Não
TRIP-000717;4;Tanque médio;Produto A;174;1;4;Não
TRIP-000718;2;Tanque médio;Produto B;171;1;6;Não
TRIP-000719;3;Tanque médio;Produto A;344;1;5;Não
TRIP-000720;2;Tanque médio;Produto B;177;1;6;Sim
TRIP-000721;3;Tanque grande;Produto D;50;1;4;Não
TRIP-000722;1;Tanque médio;Produto A;94;1;6;Sim
TRIP-000723;3;Tanque pequeno;Produto B;146;1;3;Sim
TRIP-000724;6;Tanque pequeno;Produto A;184;1;4;Não
TRIP-000725;7;Tanque médio;Produto B;276;1;6;Sim
TRIP-000726;2;Tanque grande;Produto A;186;1;3;Não
TRIP-000727;2;Tanque médio;Produto A;50;1;3;Não
TRIP-000728;1;Tanque grande;Produto A;50;1;3;Não
TRIP-000729;4;Tanque grande;Produto A;291;1;4;Não
TRIP-000730;5;Tanque pequeno;Produto D;143;1;5;Sim
TRIP-000731;2;Tanque pequeno;Produto B;200;1;2;Não
TRIP-000732;2;Tanque pequeno;Produto A;126;1;2;Sim
TRIP-000733;6;Tanque médio;Produto B;93;1;7;Não
TRIP-000734;6;Tanque pequeno;Produto A;130;1;3;Não
TRIP-000735;2;Tanque médio;Produto B;202;1;5;Não
TRIP-000736;3;Tanque médio;Produto D;175;1;2;Não
TRIP-000737;3;Tanque médio;Produto B;378;1;5;Não
TRIP-000738;1;Tanque pequeno;Produto C;50;1;3;Não
TRIP-000739;7;Tanque médio;Produto B;50;1;1;Não
TRIP-000740;6;Tanque médio;Produto A;141;1;6;Sim
TRIP-000741;5;Tanque médio;Produto B;278;1;6;Não
TRIP-000742;2;Tanque grande;Produto B;329;1;5;Não
TRIP-000743;6;Tanque pequeno;Produto B;97;1;5;Não
TRIP-000744;3;Tanque grande;Produto C;50;1;7;Sim
TRIP-000745;2;Tanque médio;Produto B;101;1;5;Não
TRIP-000746;3;Tanque médio;Produto D;246;1;5;Sim
TRIP-000747;1;Tanque médio;Produto C;173;1;4;Sim
TRIP-000748;5;Tanque médio;Produto B;287;1;6;Não
TRIP-000749;5;Tanque pequeno;Produto B;449;1;5;Não
TRIP-000750;1;Tanque médio;Produto A;151;1;4;Não
TRIP-000751;1;Tanque médio;Produto D;113;1;5;Não
TRIP-000752;1;Tanque médio;Produto B;67;1;3;Não
TRIP-000753;1;Tanque médio;Produto A;50;1;3;Sim
TRIP-000754;3;Tanque grande;Produto A;50;1;4;Não
TRIP-000755;6;Tanque médio;Produto B;87;1;6;Sim
TRIP-000756;10;Tanque pequeno;Produto A;403;2;7;Não
TRIP-000757;2;Tanque médio;Produto A;309;1;6;Não
TRIP-000758;3;Tanque grande;Produto B;107;1;5;Não
TRIP-000759;50;Tanque grande;Produto A;809;3;15;Não
TRIP-000760;2;Tanque médio;Produto B;94;1;3;Sim
TRIP-000761;12;Tanque grande;Produto A;482;2;6;Não
TRIP-000762;27;Tanque médio;Produto A;569;2;10;Não
TRIP-000763;2;Tanque médio;Produto B;261;1;5;Sim
TRIP-000764;1;Tanque grande;Produto B;87;1;5;Sim
TRIP-000765;4;Tanque grande;Produto A;122;1;3;Não
TRIP-000766;4;Tanque médio;Produto A;207;1;5;Não
TRIP-000767;3;Tanque grande;Produto B;50;1;5;Não
TRIP-000768;4;Tanque pequeno;Produto A;60;1;4;Não
TRIP-000769;4;Tanque grande;Produto A;54;1;4;Não
TRIP-000770;2;Tanque médio;Produto A;277;1;5;Não
TRIP-000771;3;Tanque pequeno;Produto C;446;1;4;Não
TRIP-000772;2;Tanque pequeno;Produto C;319;1;6;Sim
TRIP-000773;3;Tanque médio;Produto C;391;1;7;Não
TRIP-000774;4;Tanque médio;Produto B;79;1;4;Não
TRIP-000775;6;Tanque médio;Produto B;128;1;2;Não
TRIP-000776;9;Tanque pequeno;Produto B;137;1;3;Sim
TRIP-000777;3;Tanque médio;Produto B;260;1;2;Não
TRIP-000778;2;Tanque médio;Produto A;90;1;6;Não
TRIP-000779;3;Tanque médio;Produto B;372;1;6;Sim
TRIP-000780;22;Tanque médio;Produto C;558;2;8;Não
TRIP-000781;3;Tanque médio;Produto B;271;1;2;Não
TRIP-000782;3;Tanque grande;Produto A;122;1;3;Não
TRIP-000783;4;Tanque grande;Produto A;71;1;3;Sim
TRIP-000784;4;Tanque médio;Produto B;54;1;4;Não
TRIP-000785;5;Tanque médio;Produto B;50;1;4;Não
TRIP-000786;1;Tanque pequeno;Produto C;142;1;6;Não
TRIP-000787;4;Tanque pequeno;Produto A;134;1;3;Sim
TRIP-000788;6;Tanque médio;Produto C;355;1;3;Sim
TRIP-000789;1;Tanque grande;Produto B;97;1;2;Não
TRIP-000790;3;Tanque pequeno;Produto C;149;1;4;Sim
TRIP-000791;2;Tanque pequeno;Produto B;225;1;3;Não
TRIP-000792;9;Tanque pequeno;Produto B;267;1;4;Não
TRIP-000793;2;Tanque grande;Produto B;323;1;4;Não
TRIP-000794;4;Tanque médio;Produto B;206;1;6;Não
TRIP-000795;1;Tanque médio;Produto D;50;1;3;Sim
TRIP-000796;4;Tanque médio;Produto A;248;1;4;Sim
TRIP-000797;1;Tanque médio;Produto A;89;1;5;Sim
TRIP-000798;15;Tanque médio;Produto D;462;2;8;Sim
TRIP-000799;3;Tanque pequeno;Produto B;178;1;5;Não
TRIP-000800;7;Tanque grande;Produto B;217;1;5;Sim
TRIP-000801;50;Tanque médio;Produto B;1026;3;15;Não
TRIP-000802;2;Tanque médio;Produto A;328;1;3;Não
TRIP-000803;5;Tanque pequeno;Produto C;244;1;6;Não
TRIP-000804;3;Tanque médio;Produto B;154;1;7;Sim
TRIP-000805;7;Tanque médio;Produto A;50;1;4;Não
TRIP-000806;1;Tanque médio;Produto A;143;1;3;Sim
TRIP-000807;3;Tanque pequeno;Produto C;70;1;4;Não
TRIP-000808;6;Tanque grande;Produto A;609;1;7;Não
TRIP-000809;2;Tanque pequeno;Produto C;247;1;4;Não
TRIP-000810;5;Tanque médio;Produto A;449;1;5;Não
TRIP-000811;3;Tanque grande;Produto B;94;1;4;Não
TRIP-000812;5;Tanque médio;Produto D;76;1;6;Sim
TRIP-000813;3;Tanque médio;Produto B;302;1;6;Sim
TRIP-000814;2;Tanque médio;Produto B;67;1;5;Não
TRIP-000815;2;Tanque médio;Produto B;113;1;3;Não
TRIP-000816;40;Tanque grande;Produto A;630;2;10;Não
TRIP-000817;2;Tanque médio;Produto A;118;1;3;Não
TRIP-000818;2;Tanque médio;Produto D;50;1;5;Não
TRIP-000819;2;Tanque médio;Produto C;50;1;5;Sim
TRIP-000820;3;Tanque médio;Produto B;50;1;5;Sim
TRIP-000821;3;Tanque médio;Produto A;470;1;5;Sim
TRIP-000822;7;Tanque médio;Produto A;100;1;4;Não
TRIP-000823;50;Tanque grande;Produto A;1003;3;17;Sim
TRIP-000824;9;Tanque grande;Produto B;563;1;5;Não
TRIP-000825;50;Tanque médio;Produto C;743;2;12;Não
TRIP-000826;5;Tanque médio;Produto B;399;1;6;Não
TRIP-000827;7;Tanque grande;Produto C;290;1;4;Não
TRIP-000828;1;Tanque pequeno;Produto A;73;1;2;Não
TRIP-000829;10;Tanque pequeno;Produto A;174;1;5;Sim
TRIP-000830;3;Tanque médio;Produto A;314;1;5;Sim
TRIP-000831;10;Tanque grande;Produto B;380;1;8;Não
TRIP-000832;3;Tanque grande;Produto A;50;1;2;Não
TRIP-000833;3;Tanque médio;Produto D;145;1;8;Sim
TRIP-000834;2;Tanque pequeno;Produto A;162;1;5;Não
TRIP-000835;2;Tanque médio;Produto D;156;1;5;Sim
TRIP-000836;1;Tanque pequeno;Produto B;56;1;3;Não
TRIP-000837;35;Tanque médio;Produto D;680;2;10;Sim
TRIP-000838;1;Tanque grande;Produto B;141;1;5;Não
TRIP-000839;2;Tanque pequeno;Produto D;61;1;5;Não
TRIP-000840;9;Tanque grande;Produto A;692;1;5;Não
TRIP-000841;29;Tanque médio;Produto B;563;2;11;Sim
TRIP-000842;2;Tanque médio;Produto D;199;1;5;Sim
TRIP-000843;4;Tanque pequeno;Produto A;110;1;5;Não
TRIP-000844;1;Tanque médio;Produto A;50;1;3;Não
TRIP-000845;1;Tanque pequeno;Produto B;272;1;3;Não
TRIP-000846;1;Tanque grande;Produto D;102;1;4;Não
TRIP-000847;7;Tanque grande;Produto B;171;1;4;Sim
TRIP-000848;28;Tanque médio;Produto B;648;2;8;Não
TRIP-000849;2;Tanque pequeno;Produto A;94;1;5;Não
TRIP-000850;4;Tanque grande;Produto A;262;1;6;Não
TRIP-000851;3;Tanque médio;Produto C;331;1;4;Não
TRIP-000852;15;Tanque pequeno;Produto A;459;2;7;Não
TRIP-000853;4;Tanque médio;Produto B;159;1;4;Não
TRIP-000854;3;Tanque grande;Produto D;144;1;4;Não
TRIP-000855;2;Tanque pequeno;Produto A;141;1;4;Sim
TRIP-000856;1;Tanque pequeno;Produto B;242;1;4;Não
TRIP-000857;25;Tanque grande;Produto A;545;2;10;Sim
TRIP-000858;6;Tanque pequeno;Produto B;135;1;2;Sim
TRIP-000859;3;Tanque pequeno;Produto A;50;1;2;Não
TRIP-000860;6;Tanque médio;Produto B;361;1;1;Não
TRIP-000861;13;Tanque grande;Produto A;186;1;6;Sim
TRIP-000862;2;Tanque médio;Produto B;273;1;5;Não
TRIP-000863;4;Tanque grande;Produto B;50;1;5;Sim
TRIP-000864;3;Tanque médio;Produto A;103;1;2;Não
TRIP-000865;12;Tanque pequeno;Produto B;338;1;5;Não
TRIP-000866;11;Tanque grande;Produto A;50;1;4;Não
TRIP-000867;4;Tanque médio;Produto B;262;1;4;Não
TRIP-000868;1;Tanque médio;Produto A;169;1;2;Não
TRIP-000869;5;Tanque médio;Produto B;81;1;6;Não
TRIP-000870;1;Tanque médio;Produto A;74;1;6;Não
TRIP-000871;4;Tanque pequeno;Produto B;57;1;3;Não
TRIP-000872;7;Tanque pequeno;Produto A;185;1;5;Não
TRIP-000873;2;Tanque médio;Produto B;205;1;4;Não
TRIP-000874;3;Tanque grande;Produto A;122;1;2;Não
TRIP-000875;2;Tanque médio;Produto C;52;1;6;Sim
TRIP-000876;2;Tanque grande;Produto C;256;1;2;Sim
TRIP-000877;3;Tanque médio;Produto A;366;1;5;Não
TRIP-000878;5;Tanque médio;Produto B;296;1;5;Não
TRIP-000879;50;Tanque pequeno;Produto A;765;2;13;Não
TRIP-000880;8;Tanque pequeno;Produto B;147;1;5;Não
TRIP-000881;14;Tanque médio;Produto B;506;2;7;Não
TRIP-000882;6;Tanque grande;Produto B;90;1;4;Sim
TRIP-000883;4;Tanque grande;Produto B;75;1;4;Não
TRIP-000884;2;Tanque grande;Produto A;196;1;4;Não
TRIP-000885;27;Tanque pequeno;Produto A;592;2;10;Não
TRIP-000886;1;Tanque grande;Produto A;132;1;2;Não
TRIP-000887;7;Tanque médio;Produto B;50;1;3;Sim
TRIP-000888;5;Tanque pequeno;Produto B;361;1;6;Não
TRIP-000889;4;Tanque grande;Produto B;163;1;5;Não
TRIP-000890;2;Tanque médio;Produto A;228;1;5;Não
TRIP-000891;4;Tanque pequeno;Produto A;79;1;3;Não
TRIP-000892;1;Tanque médio;Produto A;194;1;4;Não
TRIP-000893;2;Tanque médio;Produto A;50;1;5;Não
TRIP-000894;8;Tanque médio;Produto A;688;1;6;Sim
TRIP-000895;2;Tanque médio;Produto C;415;1;4;Não
TRIP-000896;5;Tanque grande;Produto C;186;1;2;Não
TRIP-000897;2;Tanque pequeno;Produto B;353;1;3;Não
TRIP-000898;4;Tanque médio;Produto B;90;1;6;Não
TRIP-000899;4;Tanque médio;Produto A;401;1;6;Não
TRIP-000900;3;Tanque médio;Produto C;126;1;4;Não
TRIP-000901;1;Tanque médio;Produto A;117;1;3;Não
TRIP-000902;1;Tanque médio;Produto D;61;1;3;Sim
TRIP-000903;8;Tanque grande;Produto B;253;1;6;Sim
TRIP-000904;2;Tanque grande;Produto A;179;1;7;Sim
TRIP-000905;21;Tanque grande;Produto D;518;2;8;Sim
TRIP-000906;19;Tanque grande;Produto A;53;1;5;Sim
TRIP-000907;2;Tanque médio;Produto B;254;1;5;Não
TRIP-000908;3;Tanque grande;Produto B;446;1;5;Sim
TRIP-000909;4;Tanque médio;Produto A;208;1;7;Sim
TRIP-000910;9;Tanque médio;Produto B;124;1;4;Não
TRIP-000911;7;Tanque médio;Produto B;204;1;5;Sim
TRIP-000912;5;Tanque médio;Produto B;487;1;6;Não
TRIP-000913;6;Tanque médio;Produto A;487;1;3;Não
TRIP-000914;1;Tanque grande;Produto D;157;1;5;Não
TRIP-000915;12;Tanque médio;Produto A;480;1;5;Não
TRIP-000916;9;Tanque pequeno;Produto A;171;1;2;Não
TRIP-000917;2;Tanque médio;Produto A;350;1;4;Não
TRIP-000918;2;Tanque pequeno;Produto A;279;1;4;Sim
TRIP-000919;1;Tanque pequeno;Produto A;119;1;6;Não
TRIP-000920;1;Tanque pequeno;Produto D;64;1;2;Não
TRIP-000921;6;Tanque médio;Produto A;456;1;4;Não
TRIP-000922;5;Tanque médio;Produto A;555;1;6;Não
TRIP-000923;1;Tanque grande;Produto A;249;1;3;Não
TRIP-000924;2;Tanque médio;Produto B;171;1;3;Não
TRIP-000925;10;Tanque médio;Produto C;50;1;1;Sim
TRIP-000926;6;Tanque médio;Produto A;447;1;7;Não
TRIP-000927;2;Tanque médio;Produto A;225;1;4;Sim
TRIP-000928;1;Tanque grande;Produto A;136;1;4;Não
TRIP-000929;13;Tanque pequeno;Produto A;358;1;6;Não
TRIP-000930;5;Tanque pequeno;Produto A;50;1;3;Não
TRIP-000931;1;Tanque grande;Produto B;58;1;3;Não
TRIP-000932;1;Tanque médio;Produto A;87;1;2;Não
TRIP-000933;1;Tanque pequeno;Produto B;272;1;3;Não
TRIP-000934;1;Tanque pequeno;Produto A;206;1;3;Não
TRIP-000935;4;Tanque grande;Produto D;299;1;4;Sim
TRIP-000936;9;Tanque grande;Produto D;423;1;5;Não
TRIP-000937;3;Tanque médio;Produto B;308;1;5;Não
TRIP-000938;32;Tanque médio;Produto A;699;2;8;Não
TRIP-000939;4;Tanque médio;Produto B;423;1;6;Não
TRIP-000940;4;Tanque grande;Produto B;156;1;5;Não
TRIP-000941;4;Tanque grande;Produto B;102;1;3;Não
TRIP-000942;1;Tanque pequeno;Produto B;161;1;3;Não
TRIP-000943;3;Tanque grande;Produto C;317;1;5;Não
TRIP-000944;3;Tanque pequeno;Produto D;114;1;4;Sim
TRIP-000945;2;Tanque pequeno;Produto A;324;1;5;Não
TRIP-000946;3;Tanque médio;Produto B;295;1;7;Não
TRIP-000947;3;Tanque médio;Produto A;63;1;4;Não
TRIP-000948;16;Tanque grande;Produto A;417;1;4;Não
TRIP-000949;3;Tanque pequeno;Produto B;242;1;3;Sim
TRIP-000950;29;Tanque médio;Produto A;674;2;8;Não
TRIP-000951;2;Tanque grande;Produto C;172;1;2;Sim
TRIP-000952;5;Tanque grande;Produto A;130;1;5;Sim
TRIP-000953;3;Tanque pequeno;Produto B;54;1;1;Não
TRIP-000954;6;Tanque médio;Produto B;53;1;4;Não
TRIP-000955;3;Tanque médio;Produto B;379;1;4;Não
TRIP-000956;28;Tanque pequeno;Produto B;624;2;9;Não
TRIP-000957;3;Tanque grande;Produto C;159;1;3;Não
TRIP-000958;3;Tanque grande;Produto B;149;1;6;Não
TRIP-000959;1;Tanque pequeno;Produto B;187;1;4;Não
TRIP-000960;3;Tanque pequeno;Produto A;439;1;6;Não
TRIP-000961;1;Tanque pequeno;Produto B;64;1;6;Não
TRIP-000962;6;Tanque grande;Produto C;217;1;5;Não
TRIP-000963;2;Tanque pequeno;Produto B;385;1;3;Não
TRIP-000964;2;Tanque médio;Produto C;269;1;4;Sim
TRIP-000965;5;Tanque médio;Produto B;309;1;4;Não
TRIP-000966;2;Tanque médio;Produto A;272;1;4;Sim
TRIP-000967;5;Tanque pequeno;Produto A;505;1;5;Não
TRIP-000968;5;Tanque pequeno;Produto A;588;1;6;Não
TRIP-000969;11;Tanque grande;Produto B;486;1;6;Não
TRIP-000970;6;Tanque grande;Produto C;188;1;5;Não
TRIP-000971;6;Tanque grande;Produto A;50;1;3;Não
TRIP-000972;2;Tanque pequeno;Produto B;148;1;5;Sim
TRIP-000973;4;Tanque médio;Produto B;182;1;3;Não
TRIP-000974;34;Tanque médio;Produto B;618;2;11;Não
TRIP-000975;1;Tanque médio;Produto A;80;1;3;Não
TRIP-000976;1;Tanque grande;Produto A;50;1;5;Não
TRIP-000977;3;Tanque médio;Produto A;114;1;2;Não
TRIP-000978;2;Tanque pequeno;Produto A;85;1;3;Não
TRIP-000979;2;Tanque grande;Produto A;50;1;3;Não
TRIP-000980;1;Tanque grande;Produto A;162;1;5;Não
TRIP-000981;3;Tanque pequeno;Produto B;189;1;6;Não
TRIP-000982;4;Tanque médio;Produto A;50;1;2;Não
TRIP-000983;2;Tanque médio;Produto D;130;1;2;Sim
TRIP-000984;4;Tanque médio;Produto A;79;1;2;Não
TRIP-000985;2;Tanque pequeno;Produto A;194;1;6;Não
TRIP-000986;5;Tanque médio;Produto A;212;1;5;Não
TRIP-000987;3;Tanque grande;Produto A;79;1;2;Sim
TRIP-000988;3;Tanque médio;Produto C;414;1;4;Não
TRIP-000989;2;Tanque pequeno;Produto A;178;1;6;Não
TRIP-000990;3;Tanque médio;Produto D;83;1;3;Não
TRIP-000991;5;Tanque médio;Produto C;50;1;3;Sim
TRIP-000992;2;Tanque grande;Produto B;222;1;3;Não
TRIP-000993;2;Tanque médio;Produto B;271;1;3;Sim
TRIP-000994;6;Tanque pequeno;Produto B;108;1;6;Não
TRIP-000995;4;Tanque pequeno;Produto B;200;1;7;Não
TRIP-000996;21;Tanque grande;Produto B;588;2;8;Não
TRIP-000997;4;Tanque médio;Produto A;364;1;7;Sim
TRIP-000998;1;Tanque grande;Produto A;50;1;3;Não
TRIP-000999;3;Tanque pequeno;Produto B;82;1;5;Sim
TRIP-001000;2;Tanque médio;Produto B;155;1;6;Não
